sku,imageUrl
AO02,https://cos.ec-design.co.jp/ec-design-kome-prd/products/AO02/AO02_list.jpg
BA02,https://cos.ec-design.co.jp/ec-design-kome-prd/products/BA02/BA02_list.jpg
BA03,https://cos.ec-design.co.jp/ec-design-kome-prd/products/BA03/BA03_list.jpg
BA04,https://cos.ec-design.co.jp/ec-design-kome-prd/products/BA04/BA04_list.jpg
BA05,https://cos.ec-design.co.jp/ec-design-kome-prd/products/BA05/BA05_list.jpg
BA06,https://cos.ec-design.co.jp/ec-design-kome-prd/products/BA06/BA06_list.jpg
BA07,https://cos.ec-design.co.jp/ec-design-kome-prd/products/BA07/BA07_list.jpg
BA08,https://cos.ec-design.co.jp/ec-design-kome-prd/products/BA08/BA08_list.jpg
BA09,https://cos.ec-design.co.jp/ec-design-kome-prd/products/BA09/BA09_list.jpg
BA10,https://cos.ec-design.co.jp/ec-design-kome-prd/products/BA10/BA10_list.jpg
BA16,https://cos.ec-design.co.jp/ec-design-kome-prd/products/BA16/BA16_list.jpg
BA20,https://cos.ec-design.co.jp/ec-design-kome-prd/products/BA20/BA20_list.jpg
BA21,https://cos.ec-design.co.jp/ec-design-kome-prd/products/BA21/BA21_list.jpg
BA22,https://cos.ec-design.co.jp/ec-design-kome-prd/products/BA22/BA22_list.jpg
BA23,https://cos.ec-design.co.jp/ec-design-kome-prd/products/BA23/BA23_list.jpg
BA24,https://cos.ec-design.co.jp/ec-design-kome-prd/products/BA24/BA24_list.jpg
BA28,https://cos.ec-design.co.jp/ec-design-kome-prd/products/BA28/BA28_list.jpg
BA31,https://cos.ec-design.co.jp/ec-design-kome-prd/products/BA31/BA31_list.jpg
BC01,https://cos.ec-design.co.jp/ec-design-kome-prd/products/BC01/BC01_list.jpg
BC02,https://cos.ec-design.co.jp/ec-design-kome-prd/products/BC02/BC02_list.jpg
BI01,https://cos.ec-design.co.jp/ec-design-kome-prd/products/BI01/BI01_list.jpg
BI02,https://cos.ec-design.co.jp/ec-design-kome-prd/products/BI02/BI02_list.jpg
BI03,https://cos.ec-design.co.jp/ec-design-kome-prd/products/BI03/BI03_list.jpg
BI05,https://cos.ec-design.co.jp/ec-design-kome-prd/products/BI05/BI05_list.jpg
BI06,https://cos.ec-design.co.jp/ec-design-kome-prd/products/BI06/BI06_list.jpg
BS01,https://cos.ec-design.co.jp/ec-design-kome-prd/products/BS01/BS01_list.jpg
BS02,https://cos.ec-design.co.jp/ec-design-kome-prd/products/BS02/BS02_list.jpg
BS04,https://cos.ec-design.co.jp/ec-design-kome-prd/products/BS04/BS04_list.jpg
BS06,https://cos.ec-design.co.jp/ec-design-kome-prd/products/BS06/BS06_list.jpg
BT08,https://cos.ec-design.co.jp/ec-design-kome-prd/products/BT08/BT08_list.jpg
DH03,https://cos.ec-design.co.jp/ec-design-kome-prd/products/DH03/DH03_list.jpg
DH13,https://cos.ec-design.co.jp/ec-design-kome-prd/products/DH13/DH13_list.jpg
DK04,https://cos.ec-design.co.jp/ec-design-kome-prd/products/DK04/DK04_list.jpg
DK05,https://cos.ec-design.co.jp/ec-design-kome-prd/products/DK05/DK05_list.jpg
DK06,https://cos.ec-design.co.jp/ec-design-kome-prd/products/DK06/DK06_list.jpg
DK14,https://cos.ec-design.co.jp/ec-design-kome-prd/products/DK14/DK14_list.jpg
DK15,https://cos.ec-design.co.jp/ec-design-kome-prd/products/DK15/DK15_list.jpg
DK16,https://cos.ec-design.co.jp/ec-design-kome-prd/products/DK16/DK16_list.jpg
DK17,https://cos.ec-design.co.jp/ec-design-kome-prd/products/DK17/DK17_list.jpg
DK20,https://cos.ec-design.co.jp/ec-design-kome-prd/products/DK20/DK20_list.jpg
DU01,https://cos.ec-design.co.jp/ec-design-kome-prd/products/DU01/DU01_list.jpg
DU02,https://cos.ec-design.co.jp/ec-design-kome-prd/products/DU02/DU02_list.jpg
DU03,https://cos.ec-design.co.jp/ec-design-kome-prd/products/DU03/DU03_list.jpg
DU05,https://cos.ec-design.co.jp/ec-design-kome-prd/products/DU05/DU05_list.jpg
DU09,https://cos.ec-design.co.jp/ec-design-kome-prd/products/DU09/DU09_list.jpg
DU11,https://cos.ec-design.co.jp/ec-design-kome-prd/products/DU11/DU11_list.jpg
DU13,https://cos.ec-design.co.jp/ec-design-kome-prd/products/DU13/DU13_list.jpg
DU15,https://cos.ec-design.co.jp/ec-design-kome-prd/products/DU15/DU15_list.jpg
FOCO01,https://cos.ec-design.co.jp/ec-design-kome-prd/products/FOCO01/FOCO01_list.jpg
FOCO02,https://cos.ec-design.co.jp/ec-design-kome-prd/products/FOCO02/FOCO02_list.jpg
FOCO03,https://cos.ec-design.co.jp/ec-design-kome-prd/products/FOCO03/FOCO03_list.jpg
FOCO04,https://cos.ec-design.co.jp/ec-design-kome-prd/products/FOCO04/FOCO04_list.jpg
FOCO06,https://cos.ec-design.co.jp/ec-design-kome-prd/products/FOCO06/FOCO06_list.jpg
FOCO07,https://cos.ec-design.co.jp/ec-design-kome-prd/products/FOCO07/FOCO07_list.jpg
FOCO08,https://cos.ec-design.co.jp/ec-design-kome-prd/products/FOCO08/FOCO08_list.jpg
FOCO09,https://cos.ec-design.co.jp/ec-design-kome-prd/products/FOCO09/FOCO09_list.jpg
FOCO10,https://cos.ec-design.co.jp/ec-design-kome-prd/products/FOCO10/FOCO10_list.jpg
HAB05,https://crm.simplepage.vn/uploads/products/6448/8936000440053-2.jpg
HAB06,https://cos.ec-design.co.jp/ec-design-kome-prd/products/HAB06/HAB06_list.jpg
HAL02,https://cos.ec-design.co.jp/ec-design-kome-prd/products/HAL02/HAL02_list.jpg
HAL03,https://cos.ec-design.co.jp/ec-design-kome-prd/products/HAL03/HAL03_list.jpg
HAL08,https://cos.ec-design.co.jp/ec-design-kome-prd/products/HAL08/HAL08_list.jpg
HAL11,https://cos.ec-design.co.jp/ec-design-kome-prd/products/HAL11/HAL11_list.jpg
HC01,https://cos.ec-design.co.jp/ec-design-kome-prd/products/HC01/HC01_list.jpg
HC03,https://cos.ec-design.co.jp/ec-design-kome-prd/products/HC03/HC03_list.jpg
HC04,https://cos.ec-design.co.jp/ec-design-kome-prd/products/HC04/HC04_list.jpg
HC06,https://cos.ec-design.co.jp/ec-design-kome-prd/products/HC06/HC06_list.jpg
HC07,https://cos.ec-design.co.jp/ec-design-kome-prd/products/HC07/HC07_list.jpg
HVX01,https://cos.ec-design.co.jp/ec-design-kome-prd/products/HVX01/HVX01_list.jpg
HVX02,https://cos.ec-design.co.jp/ec-design-kome-prd/products/HVX02/HVX02_list.jpg
HVX03,https://cos.ec-design.co.jp/ec-design-kome-prd/products/HVX03/HVX03_list.jpg
HVX04,https://cos.ec-design.co.jp/ec-design-kome-prd/products/HVX04/HVX04_list.jpg
HVX05,https://cos.ec-design.co.jp/ec-design-kome-prd/products/HVX05/HVX05_list.jpg
HVX06,https://cos.ec-design.co.jp/ec-design-kome-prd/products/HVX06/HVX06_list.jpg
HVX07,https://cos.ec-design.co.jp/ec-design-kome-prd/products/HVX07/HVX07_list.jpg
HVX08,https://cos.ec-design.co.jp/ec-design-kome-prd/products/HVX08/HVX08_list.jpg
HVX09,https://cos.ec-design.co.jp/ec-design-kome-prd/products/HVX09/HVX09_list.jpg
HVX10,https://cos.ec-design.co.jp/ec-design-kome-prd/products/HVX10/HVX10_list.jpg
HVX11,https://cos.ec-design.co.jp/ec-design-kome-prd/products/HVX11/HVX11_list.jpg?modified=1770252400
HVX12,https://cos.ec-design.co.jp/ec-design-kome-prd/products/HVX12/HVX12_list.jpg
LD01,https://cos.ec-design.co.jp/ec-design-kome-prd/products/LD01/LD01_list.jpg
LD02,https://cos.ec-design.co.jp/ec-design-kome-prd/products/LD02/LD02_list.jpg
MG01,https://cos.ec-design.co.jp/ec-design-kome-prd/products/MG01/MG01_list.jpg
MG07,https://cos.ec-design.co.jp/ec-design-kome-prd/products/MG07/MG07_list.jpg
MG08,https://cos.ec-design.co.jp/ec-design-kome-prd/products/MG08/MG08_list.jpg
MG19,https://cos.ec-design.co.jp/ec-design-kome-prd/products/MG19/MG19_list.jpg
MG21,https://cos.ec-design.co.jp/ec-design-kome-prd/products/MG21/MG21_list.jpg
MG22,https://cos.ec-design.co.jp/ec-design-kome-prd/products/MG22/MG22_list.jpg
MT01,https://cos.ec-design.co.jp/ec-design-kome-prd/products/MT01/MT01_list.jpg
MT03,https://cos.ec-design.co.jp/ec-design-kome-prd/products/MT03/MT03_list.jpg
MT04,https://cos.ec-design.co.jp/ec-design-kome-prd/products/MT04/MT04_list.jpg
MT05,https://cos.ec-design.co.jp/ec-design-kome-prd/products/MT05/MT05_list.jpg
NL01,https://cos.ec-design.co.jp/ec-design-kome-prd/products/NL01/NL01_list.jpg
NL04,https://cos.ec-design.co.jp/ec-design-kome-prd/products/NL04/NL04_list.jpg
NL05,https://cos.ec-design.co.jp/ec-design-kome-prd/products/NL05/NL05_list.jpg
NL11,https://cos.ec-design.co.jp/ec-design-kome-prd/products/NL11/NL11_list.jpg
NL22,https://cos.ec-design.co.jp/ec-design-kome-prd/products/NL22/NL22_list.jpg
NL26,https://cos.ec-design.co.jp/ec-design-kome-prd/products/NL26/NL26_list.jpg
NL27,https://cos.ec-design.co.jp/ec-design-kome-prd/products/NL27/NL27_list.jpg
NL28,https://cos.ec-design.co.jp/ec-design-kome-prd/products/NL28/NL28_list.jpg
NL29,https://cos.ec-design.co.jp/ec-design-kome-prd/products/NL29/NL29_list.jpg
NL30,https://cos.ec-design.co.jp/ec-design-kome-prd/products/NL30/NL30_list.jpg
NL31,https://cos.ec-design.co.jp/ec-design-kome-prd/products/NL31/NL31_list.jpg
NT01,https://cos.ec-design.co.jp/ec-design-kome-prd/products/NT01/NT01_list.jpg
NT02,https://cos.ec-design.co.jp/ec-design-kome-prd/products/NT02/NT02_list.jpg
NT03,https://cos.ec-design.co.jp/ec-design-kome-prd/products/NT03/NT03_list.jpg
NT04,https://cos.ec-design.co.jp/ec-design-kome-prd/products/NT04/NT04_list.jpg
NT05,https://cos.ec-design.co.jp/ec-design-kome-prd/products/NT05/NT05_list.jpg
NT06,https://cos.ec-design.co.jp/ec-design-kome-prd/products/NT06/NT06_list.jpg
NT11,https://cos.ec-design.co.jp/ec-design-kome-prd/products/NT11/NT11_list.jpg
NT21,https://cos.ec-design.co.jp/ec-design-kome-prd/products/NT21/NT21_list.jpg
NT23,https://cos.ec-design.co.jp/ec-design-kome-prd/products/NT23/NT23_list.jpg
NT24,https://cos.ec-design.co.jp/ec-design-kome-prd/products/NT24/NT24_list.jpg
NT25,https://cos.ec-design.co.jp/ec-design-kome-prd/products/NT25/NT25_list.jpg
NT32,https://cos.ec-design.co.jp/ec-design-kome-prd/products/NT32/NT32_list.jpg
NT34,https://cos.ec-design.co.jp/ec-design-kome-prd/products/NT34/NT34_list.jpg
PV03,https://cos.ec-design.co.jp/ec-design-kome-prd/products/PV03/PV03_list.jpg
PV04,https://cos.ec-design.co.jp/ec-design-kome-prd/products/PV04/PV04_list.jpg
PV05,https://cos.ec-design.co.jp/ec-design-kome-prd/products/PV05/PV05_list.jpg
PV07,https://cos.ec-design.co.jp/ec-design-kome-prd/products/PV07/PV07_list.jpg
PV13,https://cos.ec-design.co.jp/ec-design-kome-prd/products/PV13/PV13_list.jpg
RV01,https://cos.ec-design.co.jp/ec-design-kome-prd/products/RV01/RV01_list.jpg
RV02,https://cos.ec-design.co.jp/ec-design-kome-prd/products/RV02/RV02_list.jpg
RV03,https://cos.ec-design.co.jp/ec-design-kome-prd/products/RV03/RV03_list.jpg
RV05,https://cos.ec-design.co.jp/ec-design-kome-prd/products/RV05/RV05_list.jpg
RV06,https://cos.ec-design.co.jp/ec-design-kome-prd/products/RV06/RV06_list.jpg
RV07,https://cos.ec-design.co.jp/ec-design-kome-prd/products/RV07/RV07_list.jpg
RV09,https://cos.ec-design.co.jp/ec-design-kome-prd/products/RV09/RV09_list.jpg
SG01,https://cos.ec-design.co.jp/ec-design-kome-prd/products/SG01/SG01_list.jpg
TB03,https://cos.ec-design.co.jp/ec-design-kome-prd/products/TB03/TB03_list.jpg
TB04,https://cos.ec-design.co.jp/ec-design-kome-prd/products/TB04/TB04_list.jpg
TB06,https://cos.ec-design.co.jp/ec-design-kome-prd/products/TB06/TB06_list.jpg
THD07,https://cos.ec-design.co.jp/ec-design-kome-prd/products/THD07/THD07_list.jpg
THD13,https://cos.ec-design.co.jp/ec-design-kome-prd/products/THD13/THD13_list.jpg
TK01,https://cos.ec-design.co.jp/ec-design-kome-prd/products/TK01/TK01_list.jpg
TK02,https://cos.ec-design.co.jp/ec-design-kome-prd/products/TK02/TK02_list.jpg
TK03,https://cos.ec-design.co.jp/ec-design-kome-prd/products/TK03/TK03_list.jpg
TK04,https://cos.ec-design.co.jp/ec-design-kome-prd/products/TK04/TK04_list.jpg
TK05,https://cos.ec-design.co.jp/ec-design-kome-prd/products/TK05/TK05_list.jpg
TK09,https://cos.ec-design.co.jp/ec-design-kome-prd/products/TK09/TK09_list.jpg?modified=1760675771
TN06,https://cos.ec-design.co.jp/ec-design-kome-prd/products/TN06/TN06_list.jpg
TN07,https://cos.ec-design.co.jp/ec-design-kome-prd/products/TN07/TN07_list.jpg
VC04,https://cos.ec-design.co.jp/ec-design-kome-prd/products/VC04/VC04_list.jpg
VF02,https://cos.ec-design.co.jp/ec-design-kome-prd/products/VF02/VF02_list.jpg
VF04,https://cos.ec-design.co.jp/ec-design-kome-prd/products/VF04/VF04_list.jpg
VF05,https://cos.ec-design.co.jp/ec-design-kome-prd/products/VF05/VF05_list.jpg
VF07,https://cos.ec-design.co.jp/ec-design-kome-prd/products/VF07/VF07_list.jpg
VF09,https://cos.ec-design.co.jp/ec-design-kome-prd/products/VF09/VF09_list.jpg
VF10,https://cos.ec-design.co.jp/ec-design-kome-prd/products/VF10/VF10_list.jpg
VF11,https://cos.ec-design.co.jp/ec-design-kome-prd/products/VF11/VF11_list.jpg
VNM01,https://cos.ec-design.co.jp/ec-design-kome-prd/products/VNM01/VNM01_list.jpg
VNM05,https://cos.ec-design.co.jp/ec-design-kome-prd/products/VNM05/VNM05_list.jpg
VNM07,https://cos.ec-design.co.jp/ec-design-kome-prd/products/VNM07/VNM07_list.jpg
VNM11,https://cos.ec-design.co.jp/ec-design-kome-prd/products/VNM11/VNM11_list.jpg
VNM12,https://cos.ec-design.co.jp/ec-design-kome-prd/products/VNM12/VNM12_list.jpg
VNM13,https://cos.ec-design.co.jp/ec-design-kome-prd/products/VNM13/VNM13_list.jpg
VNM17,https://cos.ec-design.co.jp/ec-design-kome-prd/products/VNM17/VNM17_list.jpg
VNM18,https://cos.ec-design.co.jp/ec-design-kome-prd/products/VNM18/VNM18_list.jpg
VNM19,https://cos.ec-design.co.jp/ec-design-kome-prd/products/VNM19/VNM19_list.jpg
VNM20,https://cos.ec-design.co.jp/ec-design-kome-prd/products/VNM20/VNM20_list.jpg
VNM21,https://cos.ec-design.co.jp/ec-design-kome-prd/products/VNM21/VNM21_list.jpg
XT02,https://cos.ec-design.co.jp/ec-design-kome-prd/products/XT02/XT02_list.jpg
XT07,https://cos.ec-design.co.jp/ec-design-kome-prd/products/XT07/XT07_list.jpg